date,start_time,end_time,duration_minutes,project,notes
2025-04-13,19:03,19:09,3,The Walrus,Yay it looks like it's calculating now!
2025-04-13,16:39:23,16:40:42,1,Editing,More playing
2025-04-13,17:07:32,17:08:25,1,The Walrus,One minutes woohoo
2025-04-13,17:09:06,17:12:36,3,Emerson Black,3 minutes
2025-04-13,17:12,17:30,18,The Ya-Ya's Are Back!,more tests
2025-04-13,17:32:29,17:34:04,2,The Walrus,Eek
2025-04-13,18:42:41,18:43:36,1,The Walrus,Test
2025-04-13,18:47:20,18:49:38,2,The Walrus,Another test
2025-04-13,19:06:22,19:10,4,The Walrus,
2025-04-13,19:19:34,19:26,7,Emerson Black,It was a great session!2025-04-13,19:28:03,19:28:06,0,"Editing",""
2025-04-13,19:28:10,19:28:15,0,"The Walrus",""
